path,role
README.md,Reviewer-facing repository overview
QUICKSTART.md,Minimal validation instructions
config/study_config.json,Frozen public configuration
docs/METHOD_PROTOCOL.md,Study and validation protocol
docs/CALCULATIONS.md,Equations and decision-score definitions
docs/LEAKAGE_CONTROL.md,Target/predictor firewall and boundaries
docs/DATA_SOURCE_MANIFEST.md,External-source provenance
docs/FROZEN_RESULTS.md,Headline frozen evidence
docs/RESULTS_FREEZE.md,Scientific freeze statement
docs/CORRECTIVE_VALIDATION.md,V10.1 correction and validation rationale
docs/REPRODUCIBILITY.md,Public reproducibility boundary
docs/assets/repository-banner.svg,Repository visual identity
docs/assets/assam-workflow.svg,Scientific workflow visual
scripts/validate_frozen_package.py,Automated invariant checks
scripts/summarize_key_results.py,Human-readable result summary
results/frozen/P3_V8_2_event_summary.csv,Flood-mask QA summary
results/frozen/P4_V9_event_summary.csv,Historical road-network event summary
results/frozen/P5_V10_event_summary.csv,Model-safe feature/target support summary
results/frozen/P6_V10_event_summary.csv,Network-consequence topology summary
results/frozen/P7_V10_leave_one_event_out_metrics.csv,Temporal event-transfer metrics
results/frozen/P9_V10_1_true_spatial_group_validation.csv,True grouped-spatial fold metrics
results/frozen/P10_V10_1_spatial_validation_summary.csv,Grouped-spatial summary
results/frozen/P9_V10_1_osm_identity_overlap_audit.csv,Recurring-road identity audit
results/frozen/P9_V10_1_probability_calibration_audit.csv,Calibration and ranking-equivalence audit
results/frozen/P10_V10_1_policy_summary.csv,Inspection-policy budget curves
results/frozen/P10_V10_1_sparse_summary_20reps.csv,Sparse hazard-observation summary
results/frozen/P10_V10_1_STATISTICS.json,10-percent policy bootstrap statistics
results/frozen/P10_V10_1_CLAIM_AUDIT.json,Frozen claim gate
audits/P4_V9_5_3_2020_COMPLETENESS_AUDIT.json,Independent 2020 road-completeness audit
.github/workflows/repository-validation.yml,Cloud validation workflow
CITATION.cff,Citation metadata
LICENSE,MIT license for original repository code and documentation
THIRD_PARTY_LICENSES.md,External-data licensing boundary
environment.yml,Reviewer-facing validation environment
requirements.txt,Reviewer-facing pip dependencies
