cost_model,budget_fraction,policy,mean,std
length,0.01,betweenness,0.0002170933793530475,0.000434186758706095
length,0.01,bridge,0.0009886380355400102,0.0011427072638843189
length,0.01,consequence,0.001008195126476445,0.001135084102345907
length,0.01,proposed,0.004129408413860064,0.006124736103213146
length,0.01,rainfall,0.0007898720839330142,0.0014897829498400996
length,0.01,random,0.0002385104053720583,0.0002164292704825485
length,0.01,risk,0.002965707395244468,0.004265621400435127
length,0.01,uncertainty,0.0025069706249199264,0.003427218547969119
length,0.025,betweenness,0.001048366216068189,0.0017871012632596339
length,0.025,bridge,0.0019798936165973933,0.0015810030874077808
length,0.025,consequence,0.0025271722947561924,0.0021132034537489335
length,0.025,proposed,0.010692461662857422,0.015248315493341482
length,0.025,rainfall,0.0025533056858531556,0.0039198292688042554
length,0.025,random,0.0012387578629921073,0.000414367491998456
length,0.025,risk,0.00693993700747215,0.010395373190353323
length,0.025,uncertainty,0.005948016176691698,0.008752825850095491
length,0.05,betweenness,0.008418825622340833,0.007979835604275919
length,0.05,bridge,0.012833738578697114,0.0066397503668300115
length,0.05,consequence,0.0077591057197540425,0.00456790143391543
length,0.05,proposed,0.030866954774294644,0.029937803213642356
length,0.05,rainfall,0.008028407455342593,0.009523819551667293
length,0.05,random,0.0030621475803070913,0.001314573592830075
length,0.05,risk,0.01713974187668555,0.018860122766448797
length,0.05,uncertainty,0.015262620771042843,0.01523928275502843
length,0.1,betweenness,0.03457769091946493,0.017633779094281373
length,0.1,bridge,0.10438954034635807,0.08193250481567506
length,0.1,consequence,0.038090812455661746,0.014526393686345764
length,0.1,proposed,0.10311930570476481,0.06988791303383897
length,0.1,rainfall,0.030835464999661152,0.03511474369262703
length,0.1,random,0.019371390468027223,0.016447203223331906
length,0.1,risk,0.05306413909879323,0.048813875681115004
length,0.1,uncertainty,0.045495974421131825,0.03803864141719057
length,0.15,betweenness,0.04834269469214904,0.025723892466546393
length,0.15,bridge,0.2684095131160444,0.10831082267018564
length,0.15,consequence,0.08344019382807029,0.03674369949924764
length,0.15,proposed,0.16126092792646934,0.08823849761645695
length,0.15,rainfall,0.05674647334240431,0.05768735481392413
length,0.15,random,0.03727821450402191,0.02673277756995123
length,0.15,risk,0.11140501213311467,0.08610553925388936
length,0.15,uncertainty,0.09934079310578964,0.07744288035802022
length,0.2,betweenness,0.06617910933744726,0.0328278676288831
length,0.2,bridge,0.41072554887531704,0.046487082449216954
length,0.2,consequence,0.13754895825705715,0.0598438921088199
length,0.2,proposed,0.21612623340545697,0.08665854014700787
length,0.2,rainfall,0.09565813511513663,0.08014606432556344
length,0.2,random,0.07709910854886617,0.055909372355759004
length,0.2,risk,0.16379865600685184,0.104714867824773
length,0.2,uncertainty,0.1502309531749284,0.09768161214485253
unit,0.01,betweenness,0.005645658310812184,0.011291316621624367
unit,0.01,bridge,0.03384474362372196,0.060932485712456415
unit,0.01,consequence,0.00970911492285232,0.0072912512807037045
unit,0.01,proposed,0.09485926003451009,0.05175448354673992
unit,0.01,rainfall,0.01201340644679618,0.02402681289359236
unit,0.01,random,0.009734975113882285,0.0012389065134192183
unit,0.01,risk,0.08872825428360935,0.06502441687530569
unit,0.01,uncertainty,0.08872825428360935,0.06502441687530569
unit,0.025,betweenness,0.007391089861605506,0.014782179723211011
unit,0.025,bridge,0.11290046875099766,0.16713106431415906
unit,0.025,consequence,0.02801808687919207,0.019429341100430136
unit,0.025,proposed,0.15928709408696315,0.09374279992332471
unit,0.025,rainfall,0.061091867757235366,0.11423599642679809
unit,0.025,random,0.0397862079735008,0.04123719005227966
unit,0.025,risk,0.16416642654108743,0.11444816504094037
unit,0.025,uncertainty,0.16416642654108743,0.11444816504094037
unit,0.05,betweenness,0.02436324049353309,0.027230624366834023
unit,0.05,bridge,0.15582129434911018,0.16995620833537076
unit,0.05,consequence,0.07556030146978865,0.049938083942322915
unit,0.05,proposed,0.22288694715796412,0.1458885263950476
unit,0.05,rainfall,0.10480909778730747,0.1798018133226336
unit,0.05,random,0.0652932926991517,0.0539456014416584
unit,0.05,risk,0.24949170981850988,0.18023276576599834
unit,0.05,uncertainty,0.24949170981850988,0.18023276576599834
unit,0.1,betweenness,0.04479838323195601,0.027109925830345022
unit,0.1,bridge,0.20651100277910345,0.18634255914526077
unit,0.1,consequence,0.2461784822708897,0.0985519144096447
unit,0.1,proposed,0.3689707702575886,0.19635332286990348
unit,0.1,rainfall,0.17762023725670723,0.18074430972724587
unit,0.1,random,0.10814399873956766,0.05475186772732963
unit,0.1,risk,0.3529367395340928,0.25048843119135794
unit,0.1,uncertainty,0.3529367395340928,0.25048843119135794
unit,0.15,betweenness,0.06666351703723933,0.042978181564311956
unit,0.15,bridge,0.2773524378915607,0.1746226592600503
unit,0.15,consequence,0.35311925543228484,0.16306247433011045
unit,0.15,proposed,0.5030954675138788,0.22936977148514096
unit,0.15,rainfall,0.2560720238959684,0.2352361287469145
unit,0.15,random,0.15976149070622164,0.05244591738637672
unit,0.15,risk,0.4275754085067518,0.23951308537730134
unit,0.15,uncertainty,0.4275754085067518,0.23951308537730134
unit,0.2,betweenness,0.0931150683236282,0.05814535787213006
unit,0.2,bridge,0.332336661445165,0.17896309401149707
unit,0.2,consequence,0.4022028598809113,0.15329176445030068
unit,0.2,proposed,0.5825851155024561,0.2202899593406077
unit,0.2,rainfall,0.3396619911570472,0.2530854138327728
unit,0.2,random,0.21541869239135536,0.04405107404752514
unit,0.2,risk,0.509974494269128,0.22440759871453125
unit,0.2,uncertainty,0.509974494269128,0.22440759871453125
