holdout_event,regime,n,positive_rate,auprc,auroc,brier,logloss
ASSAM_2020_MONSOON,M1_geography_only,19710,0.003703703703703704,0.05081383437074184,0.7677169391580473,0.08674780651491383,0.30783866571943697
ASSAM_2020_MONSOON,M2_road_network_environment,19710,0.003703703703703704,0.029083010225341693,0.7773241874264476,0.1151358679912004,0.3714016768075976
ASSAM_2020_MONSOON,M3_dynamic_hazard_only,19710,0.003703703703703704,0.006488896533281444,0.4526585611032012,0.005907359902575391,0.06007190353641618
ASSAM_2020_MONSOON,M4_combined,19710,0.003703703703703704,0.009152220776210165,0.6948875515259494,0.008513025481416895,0.07385729696549168
ASSAM_2021_AUG,M1_geography_only,49791,0.0034946074591793697,0.016842496958195965,0.8374698466112491,0.12167185833271613,0.3745919913351949
ASSAM_2021_AUG,M2_road_network_environment,49791,0.0034946074591793697,0.019398949285406784,0.824387567386873,0.20110881620739188,0.5684376324443065
ASSAM_2021_AUG,M3_dynamic_hazard_only,49791,0.0034946074591793697,0.002781687481885503,0.4164600263304267,0.007080995343002549,0.0692653556253935
ASSAM_2021_AUG,M4_combined,49791,0.0034946074591793697,0.005939316919475064,0.6839324281467304,0.009063318330989965,0.08120906711112111
ASSAM_2022_JUNE,M1_geography_only,48748,0.02867809961434315,0.37159630045972075,0.8434396701880646,0.053243537967819554,0.1958355314664535
ASSAM_2022_JUNE,M2_road_network_environment,48748,0.02867809961434315,0.19339067768191526,0.839280145267111,0.11298790474434463,0.3671763050581148
ASSAM_2022_JUNE,M3_dynamic_hazard_only,48748,0.02867809961434315,0.03367047349630474,0.5540849123729328,0.03528466188329343,0.17740465313902
ASSAM_2022_JUNE,M4_combined,48748,0.02867809961434315,0.044433754633024944,0.6480971609766857,0.03508319164086642,0.16821442039271897
ASSAM_2023_JUNE,M1_geography_only,92926,0.009060973247530293,0.2107620652079129,0.8750257819953917,0.0437189640598769,0.1574122102717653
ASSAM_2023_JUNE,M2_road_network_environment,92926,0.009060973247530293,0.09360014785642808,0.8904893043540438,0.08334785321720001,0.2765916654841192
ASSAM_2023_JUNE,M3_dynamic_hazard_only,92926,0.009060973247530293,0.03536851358610743,0.8113172912659216,0.011373461156902308,0.07623197068722364
ASSAM_2023_JUNE,M4_combined,92926,0.009060973247530293,0.05944724718811161,0.8758340714112005,0.012061357153433427,0.0757803479028064
